{"text": "\u9662\u5b50\u95e8\u53e3\u4e0d\u8fdc\u5904\u5c31\u662f\u4e00\u4e2a\u5730\u94c1\u7ad9,\u8fd9\u662f\u4e00\u4e2a\u7f8e\u4e3d\u800c\u795e\u5947\u7684\u666f\u8c61,\u6811\u4e0a\u957f\u6ee1\u4e86\u53c8\u5927\u53c8\u751c\u7684\u6843\u5b50,\u6d77\u8c5a\u548c\u9cb8\u9c7c\u7684\u8868\u6f14\u662f\u5f88\u597d\u770b\u7684\u8282\u76ee\u3002\u90ae\u5c40\u95e8\u524d\u7684\u4eba\u884c\u9053\u4e0a\u6709\u4e00\u4e2a\u84dd\u8272\u7684\u90ae\u7bb1\u3002", "segments": [{"id": 0, "seek": 0, "start": 0.0, "end": 15.0, "text": "\u9662\u5b50\u95e8\u53e3\u4e0d\u8fdc\u5904\u5c31\u662f\u4e00\u4e2a\u5730\u94c1\u7ad9,\u8fd9\u662f\u4e00\u4e2a\u7f8e\u4e3d\u800c\u795e\u5947\u7684\u666f\u8c61,\u6811\u4e0a\u957f\u6ee1\u4e86\u53c8\u5927\u53c8\u751c\u7684\u6843\u5b50,\u6d77\u8c5a\u548c\u9cb8\u9c7c\u7684\u8868\u6f14\u662f\u5f88\u597d\u770b\u7684\u8282\u76ee\u3002", "tokens": [50364, 38358, 7626, 8259, 101, 18144, 1960, 3316, 250, 1787, 226, 5620, 20182, 10928, 165, 241, 223, 34155, 11, 27455, 20182, 9175, 940, 121, 11070, 20432, 26907, 1546, 50218, 45007, 11, 8987, 239, 5708, 32271, 15868, 94, 2289, 17047, 3582, 17047, 40536, 1546, 21416, 225, 7626, 11, 20078, 19517, 248, 12565, 165, 110, 116, 165, 109, 120, 1546, 17571, 31382, 1541, 23801, 4200, 1546, 45161, 11386, 1543, 51114], "temperature": 0.0, "avg_logprob": -0.15569109502046005, "compression_ratio": 1.1587301587301588, "no_speech_prob": 0.0025163593236356974}, {"id": 1, "seek": 0, "start": 15.0, "end": 20.0, "text": "\u90ae\u5c40\u95e8\u524d\u7684\u4eba\u884c\u9053\u4e0a\u6709\u4e00\u4e2a\u84dd\u8272\u7684\u90ae\u7bb1\u3002", "tokens": [51114, 3023, 106, 34703, 8259, 101, 8945, 29979, 8082, 6025, 5708, 2412, 20182, 164, 26152, 17673, 1546, 3023, 106, 11249, 109, 1543, 51364], "temperature": 0.0, "avg_logprob": -0.15569109502046005, "compression_ratio": 1.1587301587301588, "no_speech_prob": 0.0025163593236356974}], "language": "zh"}